,person_age,person_income,person_home_ownership,person_emp_length,loan_intent,loan_grade,loan_amnt,loan_int_rate,loan_percent_income,cb_person_default_on_file,cb_person_cred_hist_length,pred_proba,true_label
6278,0.19698088,3.030435,1.3346903,0.17150496,0.92029023,0.9318943,0.0075758835,0.3428308,3.517921,0.016871767,-0.014639172,0.99997187,1
4002,0.19322039,2.3072574,1.1512419,-0.13641459,0.25362307,2.3700314,-0.13726138,0.38792786,3.3714292,0.024845311,-0.0066634743,0.9999447,1
5896,-0.080416024,3.9680433,1.4231843,-0.34650072,0.802018,-0.29937586,0.098897986,-0.36018127,4.4367347,0.009478213,0.04843024,0.99994004,1
